{
    "lr": {
        "accuracy": 0.8958,
        "precision": 0.8859166011014948,
        "recall": 0.9069673781715667,
        "f1": 0.896318407960199,
        "confusion_matrix": [
            [
                4454,
                580
            ],
            [
                462,
                4504
            ]
        ]
    },
    "lstm": {
        "accuracy": 0.5168,
        "precision": 0.5422979797979798,
        "recall": 0.1729762384212646,
        "f1": 0.26229007633587786,
        "confusion_matrix": [
            [
                4309,
                725
            ],
            [
                4107,
                859
            ]
        ]
    }
}