{
    "lr": {
        "accuracy": 0.8938,
        "precision": 0.8833464257659073,
        "recall": 0.9057591623036649,
        "f1": 0.8944124080334063,
        "confusion_matrix": [
            [
                4440,
                594
            ],
            [
                468,
                4498
            ]
        ]
    },
    "lstm": {
        "accuracy": 0.5084,
        "precision": 0.5164473684210527,
        "recall": 0.15807490938380991,
        "f1": 0.24205982115325317,
        "confusion_matrix": [
            [
                4299,
                735
            ],
            [
                4181,
                785
            ]
        ]
    }
}